# Cloudflare Pages redirects file

# Redirect deleted individual location pages to their regional pages

# West Bristol (BS6, BS8) - Clifton, Redland, Cotham, Kingsdown, Hotwells
/locations/clifton.html /locations/west-bristol.html 301
/locations/redland.html /locations/west-bristol.html 301
/locations/kingsdown.html /locations/west-bristol.html 301

# North Bristol (BS7, BS9, BS10, BS32, BS34)
/locations/bishopston.html /locations/north-bristol.html 301
/locations/horfield.html /locations/north-bristol.html 301
/locations/filton.html /locations/north-bristol.html 301
/locations/southmead.html /locations/north-bristol.html 301
/locations/henleaze.html /locations/north-bristol.html 301
/locations/westbury-on-trym.html /locations/north-bristol.html 301
/locations/bradley-stoke.html /locations/north-bristol.html 301
/locations/stapleton.html /locations/north-bristol.html 301

# South Bristol (BS3, BS4, BS13)
/locations/bedminster.html /locations/south-bristol.html 301
/locations/southville.html /locations/south-bristol.html 301
/locations/knowle.html /locations/south-bristol.html 301
/locations/brislington.html /locations/south-bristol.html 301
/locations/totterdown.html /locations/south-bristol.html 301
/locations/hartcliffe.html /locations/south-bristol.html 301
/locations/withywood.html /locations/south-bristol.html 301
/locations/ashton.html /locations/south-bristol.html 301

# East Bristol (BS5, BS15, BS16)
/locations/fishponds.html /locations/east-bristol.html 301
/locations/easton.html /locations/east-bristol.html 301
/locations/eastville.html /locations/east-bristol.html 301
/locations/st-george.html /locations/east-bristol.html 301
/locations/speedwell.html /locations/east-bristol.html 301
/locations/kingswood.html /locations/east-bristol.html 301

# Central Bristol (BS1, BS2)
/locations/montpelier.html /locations/central-bristol.html 301
/locations/st-pauls.html /locations/central-bristol.html 301
/locations/st-werburghs.html /locations/central-bristol.html 301
